{
	"id": "78700827885b5b934fe237108ce50987",
	"_format": "hh-sol-build-info-1",
	"solcVersion": "0.8.26",
	"solcLongVersion": "0.8.26+commit.8a97fa7a",
	"input": {
		"language": "Solidity",
		"sources": {
			"DAY 2/ERC token/ercTokenPractice.sol": {
				"content": "// SPDX-License-Identifier: GPL-3.0\r\npragma solidity >=0.8.2 <0.9.0;"
			}
		},
		"settings": {
			"optimizer": {
				"enabled": false,
				"runs": 200
			},
			"outputSelection": {
				"*": {
					"": [
						"ast"
					],
					"*": [
						"abi",
						"metadata",
						"devdoc",
						"userdoc",
						"storageLayout",
						"evm.legacyAssembly",
						"evm.bytecode",
						"evm.deployedBytecode",
						"evm.methodIdentifiers",
						"evm.gasEstimates",
						"evm.assembly"
					]
				}
			},
			"remappings": []
		}
	},
	"output": {
		"sources": {
			"DAY 2/ERC token/ercTokenPractice.sol": {
				"ast": {
					"absolutePath": "DAY 2/ERC token/ercTokenPractice.sol",
					"exportedSymbols": {},
					"id": 2,
					"license": "GPL-3.0",
					"nodeType": "SourceUnit",
					"nodes": [
						{
							"id": 1,
							"literals": [
								"solidity",
								">=",
								"0.8",
								".2",
								"<",
								"0.9",
								".0"
							],
							"nodeType": "PragmaDirective",
							"src": "37:31:0"
						}
					],
					"src": "37:31:0"
				},
				"id": 0
			}
		}
	}
}